Time,Charge Percentage
5,60.51
6,99.51
7,99.9
8,100
9,100
10,100
11,100
12,100
13,100
14,100
15,100
16,100
17,100
18,100
19,100
20,100
21,100
22,100
23,100
24,100
25,100
26,100
27,100
28,100
29,100
30,100
31,100
32,100
33,100
34,100
35,100
36,100
37,100
38,100
39,100
40,100
41,100
42,100
43,100
44,100
45,100
46,100
47,100
48,100
49,100
50,100
51,100
52,100
53,100
54,100
55,100
56,100
57,100
58,100
59,100
60,100
61,100
62,100
63,100
64,100
65,100
66,100
67,100
68,100
69,100
70,100
71,100
72,100
73,100
74,100
75,100
76,100
77,100
78,100
79,100
80,100
81,100
82,100
83,100
84,100
85,100
86,100
87,100
88,100
89,100
90,100
91,100
92,100
93,100
94,100
95,100
96,100
97,100
98,100
99,100
100,100
101,100
102,100
103,100
104,100
105,46.33
106,99.41
107,99.71
108,99.8
109,100
110,100
111,100
112,100
113,100
114,100
115,100
116,100
117,100
118,100
119,100
120,100
121,100
122,100
123,100
124,100
125,100
126,100
127,100
128,100
129,100
130,100
131,100
132,100
133,100
134,100
135,100
136,100
137,100
138,100
139,100
140,100
141,100
142,100
143,100
144,100
145,100
146,100
147,100
148,100
149,100
150,100
151,100
152,100
153,100
154,100
155,100
156,100
157,100
158,100
159,100
160,100
161,100
162,100
163,100
164,100
165,100
166,100
167,100
168,100
169,100
170,100
171,100
172,100
173,100
174,100
175,100
176,100
177,100
178,100
179,100
180,100
181,100
182,100
183,100
184,100
185,100
186,100
187,100
188,100
189,100
190,100
191,100
192,100
193,100
194,100
195,100
196,100
197,100
198,100
199,100
200,100
201,100
202,100
203,100
204,100
205,54.74
206,99.32
207,99.71
208,99.9
209,100
210,100
211,100
212,100
213,100
214,100
215,100
216,100
217,100
218,100
219,100
220,100
221,100
222,100
223,100
224,100
225,100
226,100
227,100
228,100
229,100
230,100
231,100
232,100
233,100
234,100
235,100
236,100
237,100
238,100
239,100
240,100
241,100
242,100
243,100
244,100
245,100
246,100
247,100
248,100
249,100
250,100
251,100
252,100
253,100
254,100
255,100
256,100
257,100
258,100
259,100
260,100
261,100
262,100
263,100
264,100
265,100
266,100
267,100
268,100
269,100
270,100
271,100
272,100
273,100
274,100
275,100
276,100
277,100
278,100
279,100
280,100
281,100
282,100
283,100
284,100
285,100
286,100
287,100
288,100
289,100
290,100
291,100
292,100
293,100
294,100
295,100
296,100
297,100
298,100
299,100
300,100
301,100
302,100
303,100
304,100
305,54.45
306,99.22
307,99.71
308,99.9
309,100
310,100
311,100
312,100
313,100
314,100
315,100
316,100
317,100
318,100
319,100
320,100
321,100
322,100
323,100
324,100
325,100
326,100
327,100
328,100
329,100
330,100
331,99.9
332,99.51
333,100
334,99.71
335,99.9
336,99.9
337,99.8
338,100
339,100
340,100
341,99.9
342,100
343,99.9
344,100
345,99.8
346,100
347,99.8
348,100
349,100
350,100
351,100
352,100
353,100
354,99.41
355,95.41
356,93.45
357,92.28
358,92.28
359,91.98
360,91.79
361,91.69
362,91.98
363,92.18
364,91.98
365,91.89
366,91.79
367,91.69
368,91.5
369,91.3
370,91.4
371,91.3
372,91.1
373,90.91
374,90.71
375,90.52
376,90.22
377,90.03
378,89.83
379,89.83
380,89.83
381,89.74
382,89.64
383,89.25
384,89.05
385,88.86
386,89.05
387,88.86
388,88.76
389,88.76
390,88.66
391,88.76
392,88.56
393,88.27
394,87.39
395,87.1
396,86.71
397,86.51
398,65.98
399,60.7
400,60.02
401,57.48
402,56.21
403,55.33
404,54.15
405,9.68
406,34.9
407,36.36
408,37.63
409,37.73
410,37.63
411,37.83
412,37.83
413,37.44
414,37.54
415,37.93
416,37.93
417,38.32
418,37.73
419,37.54
420,37.54
421,37.63
422,36.85
423,36.66
424,36.56
425,36.36
426,36.27
427,36.27
428,35.78
429,36.17
430,36.36
431,36.46
432,36.46
433,36.46
434,36.46
435,36.17
436,36.27
437,35.97
438,35.97
439,35.78
440,35.68
441,35.87
442,35.78
443,35.48
444,35.29
445,35.19
446,35
447,35.39
448,35.39
449,35
450,35
451,35.09
452,35.29
453,35.09
454,35.19
455,35.19
456,35
457,35.19
458,35.39
459,35.09
460,35.19
461,35
462,35.19
463,34.8
464,35.09
465,35
466,34.8
467,35.09
468,34.9
469,35
470,34.9
471,34.9
472,34.8
473,34.51
474,34.31
475,34.41
476,34.6
477,34.51
478,34.31
479,34.12
480,34.51
481,34.6
482,34.31
483,34.31
484,34.7
485,34.6
486,34.41
487,34.41
488,34.41
489,34.21
490,34.51
491,34.7
492,34.41
493,34.7
494,34.7
495,34.7
496,34.41
497,34.41
498,34.6
499,34.41
500,34.41
501,34.51
502,34.31
503,34.51
504,34.31
505,9.68
506,30.11
507,31.67
508,33.24
509,34.02
510,34.41
511,34.31
512,34.8
513,34.41
514,34.8
515,34.6
516,34.7
517,34.9
518,34.9
519,34.8
520,34.7
521,34.6
522,34.51
523,34.51
524,34.51
525,34.51
526,34.41
527,34.31
528,34.6
529,34.6
530,34.51
531,34.51
532,34.51
533,34.51
534,34.51
535,34.41
536,34.21
537,34.31
538,34.41
539,34.41
540,34.31
541,34.51
542,34.21
543,34.6
544,34.21
545,34.51
546,34.41
547,34.41
548,34.41
549,34.41
550,34.6
551,34.6
552,34.41
553,34.51
554,34.7
555,34.6
556,34.6
557,34.51
558,34.51
559,34.41
560,34.6
561,34.6
562,34.6
563,34.41
564,34.31
565,34.21
566,34.6
567,34.6
568,34.51
569,34.41
570,34.21
571,34.6
572,34.51
573,34.6
574,34.7
575,34.41
576,34.41
577,34.41
578,34.21
579,34.6
580,34.8
581,34.6
582,34.7
583,34.41
584,34.8
585,34.8
586,34.6
587,34.8
588,34.6
589,34.21
590,34.31
591,34.31
592,34.41
593,34.21
594,34.51
595,34.51
596,34.21
597,34.51
598,34.51
599,34.41
600,34.51
601,34.21
602,34.21
603,34.21
604,34.21
605,8.8
606,30.01
607,31.38
608,32.84
609,33.24
610,33.82
611,34.12
612,34.02
613,34.21
614,34.51
615,34.6
616,34.31
617,34.51
618,34.31
619,34.41
620,34.51
621,34.41
622,34.41
623,34.51
624,34.51
625,34.51
626,34.41
627,34.41
628,34.31
629,34.51
630,34.41
631,34.31
632,34.41
633,34.51
634,34.21
635,34.41
636,34.51
637,34.31
638,34.41
639,34.31
640,34.51
641,34.51
642,34.31
643,34.31
644,34.41
645,34.31
646,34.41
647,34.6
648,34.41
649,34.51
650,34.21
651,34.41
652,34.51
653,34.6
654,34.51
655,34.6
656,34.6
657,34.7
658,34.6
659,34.6
660,34.41
661,34.51
662,34.51
663,34.21
664,34.12
665,34.41
666,34.21
667,34.21
668,34.21
669,34.31
670,34.02
671,34.31
672,34.41
673,34.8
674,34.7
675,34.41
676,34.6
677,34.7
678,34.7
679,34.51
680,34.51
681,34.02
682,33.53
683,33.53
684,33.63
685,33.72
686,34.41
687,34.41
688,34.21
689,34.51
690,34.31
691,34.31
692,34.21
693,34.02
694,34.41
695,34.9
696,35.29
697,35.58
698,35.87
699,37.34
700,50.93
701,95.41
702,97.07
703,98.34
704,99.8
705,48.48
706,99.41
707,99.9
708,100
709,100
710,100
711,100
712,100
713,100
714,100
715,100
716,100
717,100
718,100
719,100
720,100
721,100
722,100
723,100
724,100
725,100
726,100
727,100
728,100
729,100
730,100
731,100
732,100
733,100
734,100
735,100
736,100
737,100
738,100
739,100
740,100
741,100
742,100
743,100
744,100
745,100
746,100
747,100
748,100
749,100
750,100
751,100
752,100
753,100
754,100
755,100
756,100
757,100
758,100
759,100
760,100
761,100
762,100
763,100
764,100
765,100
766,100
767,100
768,100
769,100
770,100
771,100
772,100
773,100
774,100
775,100
776,100
777,100
778,100
779,100
780,100
781,100
782,100
783,100
784,100
785,100
786,100
787,100
788,100
789,100
790,100
791,100
792,100
793,100
794,100
795,100
796,100
797,100
798,100
799,100
800,100
801,100
802,100
803,100
804,100
805,51.61
806,98.92
807,99.32
808,99.9
809,100
810,100
811,100
812,100
813,100
814,100
815,100
816,100
817,100
818,100
819,100
820,100
821,100
822,100
823,100
824,100
825,100
826,100
827,100
828,100
829,100
830,100
831,100
832,100
833,100
834,100
835,100
836,100
837,100
838,100
839,100
840,100
841,100
842,100
843,100
844,100
845,100
846,100
847,100
848,100
849,100
850,100
851,99.22
852,100
853,100
854,99.61
855,100
856,100
857,100
858,99.61
859,100
860,100
861,100
862,99.61
863,100
864,99.32
865,100
866,100
867,100
868,98.04
869,100
870,100
871,99.61
872,100
873,100
874,100
875,99.61
876,100
877,100
878,100
879,99.9
880,100
881,98.83
882,81.62
883,82.21
884,85.53
885,88.27
886,88.66
887,91.79
888,92.96
889,92.96
890,93.16
891,93.45
892,93.55
893,93.65
894,94.13
895,93.84
896,93.74
897,93.94
898,94.23
899,94.23
900,93.35
901,93.16
902,93.16
903,93.06
904,93.06
905,10.07
906,33.53
907,35.29
908,36.95
909,37.44
910,37.93
911,38.32
912,38.03
913,38.22
914,38.12
915,37.54
916,37.15
917,37.15
918,36.85
919,35.87
920,35.48
921,35.09
922,34.6
923,34.51
924,34.21
925,33.92
926,33.92
927,33.82
928,33.63
929,33.53
930,33.43
931,33.04
932,32.94
933,33.04
934,32.94
935,32.55
936,32.65
937,32.75
938,32.45
939,32.36
940,31.96
941,31.67
942,31.57
943,31.77
944,31.87
945,31.67
946,31.28
947,31.38
948,30.89
949,31.18
950,31.28
951,30.89
952,30.89
953,30.89
954,30.99
955,30.89
956,30.69
957,30.69
958,30.99
959,30.99
960,31.09
961,30.69
962,31.09
963,31.18
964,31.28
965,31.18
966,31.09
967,31.09
968,30.89
969,31.28
970,31.38
971,31.48
972,31.67
973,31.67
974,31.67
975,31.28
976,31.48
977,31.57
978,31.67
979,31.28
980,31.09
981,31.38
982,31.09
983,30.89
984,31.09
985,30.69
986,30.79
987,30.99
988,30.79
989,30.99
990,31.09
991,31.57
992,31.09
993,31.28
994,31.28
995,31.28
996,31.09
997,31.09
998,31.28
999,31.28
1000,31.48
1001,31.57
1002,31.57
1003,31.67
1004,31.67
1005,10.26
1006,26.1
1007,27.57
1008,29.33
1009,30.01
1010,30.89
1011,31.09
1012,31.18
1013,31.28
1014,31.38
1015,31.48
1016,31.67
1017,31.67
1018,31.57
1019,31.67
1020,31.38
1021,31.67
1022,31.67
1023,31.67
1024,31.57
1025,31.48
1026,31.18
1027,31.48
1028,31.67
1029,31.57
1030,31.57
1031,31.28
1032,31.48
1033,31.57
1034,31.38
1035,31.48
1036,31.18
1037,31.67
1038,31.48
1039,31.48
1040,31.67
1041,31.57
1042,31.67
1043,31.67
1044,31.48
1045,31.67
1046,31.67
1047,31.67
1048,31.48
1049,31.57
1050,31.67
1051,31.48
1052,31.48
1053,31.48
1054,31.48
1055,31.48
1056,31.38
1057,31.48
1058,31.28
1059,31.48
1060,31.38
1061,31.67
1062,31.57
1063,31.57
1064,31.48
1065,31.09
1066,30.99
1067,31.38
1068,31.38
1069,31.48
1070,31.57
1071,31.48
1072,31.57
1073,31.67
1074,31.77
1075,31.67
1076,31.67
1077,31.67
1078,31.77
1079,31.57
1080,31.48
1081,31.09
1082,30.99
1083,30.99
1084,30.89
1085,31.18
1086,31.09
1087,31.09
1088,30.69
1089,30.89
1090,30.69
1091,30.89
1092,30.99
1093,30.99
1094,31.28
1095,31.09
1096,30.99
1097,31.28
1098,31.18
1099,31.38
1100,31.18
1101,30.99
1102,31.48
1103,31.57
1104,31.48
1105,10.75
1106,26.88
1107,28.45
1108,30.11
1109,30.6
1110,30.99
1111,31.48
1112,31.38
1113,31.48
1114,31.87
1115,31.87
1116,32.16
1117,32.16
1118,32.26
1119,32.26
1120,32.55
1121,32.55
1122,32.36
1123,32.75
1124,32.65
1125,32.45
1126,32.45
1127,32.65
1128,32.65
1129,32.65
1130,32.45
1131,32.45
1132,32.55
1133,32.26
1134,32.45
1135,32.45
1136,32.55
1137,32.45
1138,32.55
1139,32.45
1140,32.45
1141,32.16
1142,32.26
1143,32.26
1144,31.96
1145,32.26
1146,32.26
1147,32.36
1148,32.16
1149,32.26
1150,32.45
1151,32.06
1152,32.16
1153,32.36
1154,32.06
1155,32.26
1156,32.45
1157,32.26
1158,32.45
1159,32.26
1160,32.36
1161,32.45
1162,32.36
1163,32.26
1164,32.16
1165,32.45
1166,32.45
1167,32.65
1168,32.65
1169,32.55
1170,32.75
1171,32.45
1172,32.65
1173,32.45
1174,32.55
1175,32.75
1176,32.84
1177,32.65
1178,32.94
1179,32.94
1180,32.94
1181,32.84
1182,32.84
1183,32.84
1184,32.94
1185,32.84
1186,33.04
1187,32.65
1188,32.84
1189,32.84
1190,32.55
1191,32.45
1192,32.84
1193,32.65
1194,32.55
1195,32.75
1196,32.65
1197,32.65
1198,32.75
1199,32.65
1200,32.45
1201,32.45
1202,32.65
1203,32.55
1204,32.45
1205,10.26
1206,27.47
1207,29.13
1208,30.69
1209,31.57
1210,32.16
1211,32.45
1212,32.65
1213,32.75
1214,33.04
1215,33.24
1216,33.33
1217,33.24
1218,33.24
1219,33.14
1220,33.33
1221,33.04
1222,33.04
1223,33.24
1224,33.43
1225,33.43
1226,33.53
1227,33.63
1228,33.63
1229,33.82
1230,33.92
1231,34.41
1232,34.41
1233,34.6
1234,35.39
1235,35.78
1236,36.07
1237,36.75
1238,38.71
1239,40.86
1240,44.38
1241,47.9
1242,52.49
1243,72.04
1244,82.21
1245,86.61
1246,89.93
1247,91.2
1248,92.96
1249,94.33
1250,96.68
1251,96.87
1252,99.8
1253,99.8
1254,99.9
1255,100
1256,100
1257,100
1258,100
1259,100
1260,100
1261,100
1262,100
1263,100
1264,100
1265,100
1266,100
1267,100
1268,100
1269,100
1270,100
1271,100
1272,100
1273,100
1274,100
1275,100
1276,100
1277,100
1278,100
1279,100
1280,100
1281,100
1282,100
1283,100
1284,100
1285,100
1286,100
1287,100
1288,100
1289,100
1290,100
1291,100
1292,100
1293,100
1294,100
1295,100
1296,100
1297,100
1298,100
1299,100
1300,100
1301,100
1302,100
1303,100
1304,100
1305,54.35
1306,98.44
1307,99.71
1308,99.9
1309,100
1310,100
1311,100
1312,100
1313,100
1314,100
1315,100
1316,100
1317,100
1318,100
1319,100
1320,100
1321,100
1322,100
1323,100
1324,100
1325,100
1326,100
1327,100
1328,100
1329,100
1330,100
1331,100
1332,100
1333,100
1334,100
1335,100
1336,100
1337,100
1338,100
1339,100
1340,100
1341,100
1342,100
1343,100
1344,100
1345,100
1346,100
1347,100
1348,100
1349,100
1350,100
1351,100
1352,100
1353,100
1354,100
1355,100
1356,100
1357,100
1358,100
1359,100
1360,100
1361,100
1362,100
1363,100
1364,100
1365,100
1366,100
1367,100
1368,100
1369,100
1370,100
1371,100
1372,100
1373,100
1374,100
1375,100
1376,100
1377,100
1378,100
1379,100
1380,100
1381,100
1382,100
1383,100
1384,100
1385,100
1386,100
1387,100
1388,100
1389,100
1390,100
1391,100
1392,100
1393,100
1394,100
1395,100
1396,100
1397,100
1398,100
1399,100
1400,100
1401,100
1402,100
1403,100
1404,100
1405,52.79
1406,98.92
1407,100
1408,100
1409,100
1410,100
1411,100
1412,100
1413,100
1414,100
1415,100
1416,100
1417,100
1418,100
1419,100
1420,100
1421,100
1422,100
1423,100
1424,100
1425,100
1426,100
1427,100
1428,100
1429,100
1430,100
1431,100
1432,100
1433,100
1434,100
1435,100
1436,100
1437,100
1438,100
1439,100
1440,100
1441,100
1442,100
1443,100
1444,100
1445,100
1446,100
1447,100
1448,100
1449,100
1450,100
1451,100
1452,100
1453,100
1454,100
1455,100
1456,100
1457,100
1458,100
1459,100
1460,100
1461,100
1462,100
1463,100
1464,100
1465,100
1466,100
1467,100
1468,100
1469,100
1470,100
1471,100
1472,100
1473,100
1474,100
1475,100
1476,100
1477,100
1478,100
1479,100
1480,100
1481,100
1482,100
1483,100
1484,100
1485,100
1486,100
1487,100
1488,100
1489,100
1490,100
1491,100
1492,100
1493,100
1494,100
1495,100
1496,100
1497,100
1498,100
1499,100
1500,100
1501,100
1502,100
1503,100
1504,100
1505,50.93
1506,98.24
1507,99.12
1508,99.51
1509,99.41
1510,99.8
1511,99.32
1512,99.61
1513,99.8
1514,99.9
1515,99.8
1516,99.8
1517,99.9
1518,99.8
1519,99.8
1520,99.71
1521,100
1522,99.71
1523,100
1524,99.71
1525,100
1526,99.71
1527,100
1528,99.8
1529,100
1530,100
1531,100
1532,100
1533,100
1534,100
1535,99.9
1536,100
1537,99.8
1538,100
1539,95.21
1540,94.13
1541,93.26
1542,92.96
1543,92.57
1544,92.47
1545,92.38
1546,92.28
1547,92.28
1548,92.08
1549,92.18
1550,91.98
1551,91.98
1552,91.89
1553,91.79
1554,91.59
1555,91.69
1556,91.59
1557,91.59
1558,91.59
1559,91.59
1560,91.69
1561,91.59
1562,91.4
1563,91.4
1564,91.3
1565,91.4
1566,91.5
1567,91.3
1568,91.3
1569,91.4
1570,91.3
1571,91.3
1572,91.3
1573,91.4
1574,91.4
1575,91.4
1576,91.2
1577,91.3
1578,91.2
1579,91.3
1580,91.3
1581,91.3
1582,91.3
1583,91.2
1584,91.2
1585,91.1
1586,91.01
1587,90.91
1588,90.91
1589,90.22
1590,89.83
1591,89.54
1592,89.64
1593,89.35
1594,89.44
1595,89.35
1596,89.25
1597,89.15
1598,89.05
1599,89.05
1600,88.86
1601,88.95
1602,88.86
1603,88.66
1604,88.27
1605,41.84
1606,83.28
1607,83.28
1608,83.58
1609,83.19
1610,82.31
1611,82.01
1612,81.82
1613,82.01
1614,81.82
1615,81.52
1616,81.23
1617,81.04
1618,80.84
1619,80.65
1620,80.25
1621,80.06
1622,79.86
1623,79.57
1624,78.98
1625,78.69
1626,78.3
1627,78.01
1628,77.61
1629,77.52
1630,77.32
1631,77.13
1632,76.64
1633,76.44
1634,76.05
1635,76.05
1636,75.46
1637,75.56
1638,75.46
1639,75.27
1640,75.07
1641,74.78
1642,74.68
1643,74.49
1644,74.49
1645,74.49
1646,74.39
1647,74.29
1648,74.1
1649,73.7
1650,73.61
1651,73.41
1652,72.92
1653,72.92
1654,72.53
1655,72.14
1656,70.38
1657,70.38
1658,70.19
1659,69.79
1660,69.6
1661,69.5
1662,69.4
1663,69.31
1664,69.4
1665,69.4
1666,69.31
1667,69.11
1668,68.62
1669,68.52
1670,68.33
1671,67.74
1672,66.08
1673,65.2
1674,65.1
1675,64.81
1676,64.32
1677,64.32
1678,64.13
1679,64.13
1680,63.93
1681,63.83
1682,63.54
1683,63.34
1684,63.34
1685,63.25
1686,63.15
1687,63.05
1688,62.95
1689,62.76
1690,62.56
1691,62.56
1692,62.46
1693,62.66
1694,62.66
1695,62.37
1696,62.46
1697,62.46
1698,62.37
1699,62.46
1700,62.46
1701,62.46
1702,62.46
1703,62.37
1704,62.46
1705,29.42
1706,56.6
1707,57.38
1708,57.58
1709,57.67
1710,57.97
1711,58.06
1712,58.16
1713,57.97
1714,57.67
1715,57.28
1716,56.99
1717,56.7
1718,56.7
1719,56.7
1720,56.5
1721,56.7
1722,56.3
1723,55.62
1724,55.33
1725,55.62
1726,55.33
1727,55.23
1728,55.13
1729,55.03
1730,54.84
1731,54.74
1732,54.55
1733,54.15
1734,53.76
1735,53.67
1736,53.37
1737,53.37
1738,53.37
1739,53.18
1740,53.08
1741,53.08
1742,52.88
1743,52.69
1744,52.39
1745,52.39
1746,52.2
1747,52.1
1748,50.93
1749,50.54
1750,49.17
1751,48.78
1752,48
1753,47.21
1754,47.12
1755,46.33
1756,46.43
1757,45.85
1758,45.16
1759,45.26
1760,44.87
1761,44.67
1762,44.77
1763,44.77
1764,44.67
1765,44.77
1766,44.48
1767,44.48
1768,43.11
1769,42.82
1770,42.82
1771,42.62
1772,42.72
1773,42.62
1774,42.62
1775,42.72
1776,42.72
1777,42.72
1778,42.82
1779,42.72
1780,42.82
1781,42.82
1782,42.72
1783,42.52
1784,42.52
1785,42.52
1786,42.52
1787,42.62
1788,42.62
1789,42.62
1790,42.52
1791,42.52
1792,42.42
1793,42.42
1794,42.52
1795,42.72
1796,42.91
1797,43.11
1798,42.91
1799,43.21
1800,43.21
1801,43.21
1802,43.3
1803,43.11
1804,43.01
1805,17.4
1806,38.12
1807,39.39
1808,40.76
1809,41.45
1810,41.74
1811,42.03
1812,42.13
1813,42.23
1814,42.13
1815,42.23
1816,42.33
1817,42.52
1818,42.62
1819,42.52
1820,43.01
1821,41.54
1822,39.78
1823,40.18
1824,39.88
1825,39.78
1826,39.59
1827,39.3
1828,39.1
1829,39.39
1830,39
1831,39.2
1832,39.49
1833,39.78
1834,40.18
1835,40.66
1836,41.15
1837,41.74
1838,42.52
1839,42.13
1840,44.97
1841,46.82
1842,48.68
1843,50.15
1844,50.05
1845,50.54
1846,53.37
1847,62.46
1848,72.04
1849,75.86
1850,78.98
1851,80.55
1852,87.19
1853,88.17
1854,90.22
1855,90.42
1856,90.81
1857,91.2
1858,91.4
1859,92.28
1860,92.67
1861,93.35
1862,94.13
1863,96.48
1864,96.68
1865,96.58
1866,96.77
1867,96.68
1868,96.77
1869,96.97
1870,96.87
1871,97.07
1872,97.07
1873,97.46
1874,99.32
1875,99.61
1876,99.51
1877,99.71
1878,99.51
1879,100
1880,99.51
1881,99.8
1882,99.71
1883,99.71
1884,99.61
1885,99.71
1886,99.71
1887,99.61
1888,99.32
1889,95.01
1890,83.38
1891,75.17
1892,66.08
1893,63.34
1894,59.82
1895,56.5
1896,53.57
1897,52.3
1898,51.52
1899,51.22
1900,50.64
1901,49.85
1902,49.66
1903,49.27
1904,48.97
1905,10.85
1906,25.71
1907,26.88
1908,28.25
1909,28.93
1910,29.81
1911,29.33
1912,29.23
1913,29.42
1914,29.52
1915,29.52
1916,29.33
1917,29.13
1918,29.42
1919,29.52
1920,29.33
1921,29.52
1922,29.52
1923,29.62
1924,29.52
1925,29.52
1926,29.72
1927,29.42
1928,29.52
1929,29.33
1930,29.13
1931,29.42
1932,29.23
1933,29.13
1934,29.23
1935,29.33
1936,29.33
1937,29.13
1938,29.42
1939,29.52
1940,29.42
1941,29.23
1942,29.52
1943,29.33
1944,29.42
1945,29.42
1946,29.33
1947,29.52
1948,29.72
1949,29.72
1950,29.33
1951,29.72
1952,29.33
1953,29.23
1954,29.23
1955,29.23
1956,29.13
1957,29.33
1958,29.23
1959,29.13
1960,29.33
1961,29.52
1962,29.13
1963,29.52
1964,29.33
1965,29.62
1966,29.52
1967,29.33
1968,29.72
1969,29.42
1970,29.72
1971,29.81
1972,29.72
1973,29.81
1974,29.72
1975,29.72
1976,29.52
1977,29.33
1978,29.52
1979,29.33
1980,29.42
1981,29.52
1982,29.62
1983,29.62
1984,29.52
1985,29.23
1986,29.42
1987,29.62
1988,29.23
1989,29.52
1990,29.52
1991,29.33
1992,29.62
1993,29.42
1994,29.52
1995,29.33
1996,29.52
1997,29.72
1998,29.72
1999,29.42
2000,29.72
2001,29.62
2002,29.52
2003,29.62
2004,29.81
2005,10.26
2006,24.73
2007,25.81
2008,27.27
2009,28.35
2010,28.45
2011,29.13
2012,29.33
2013,29.23
2014,29.42
2015,29.52
2016,29.62
2017,29.33
2018,29.42
2019,29.81
2020,29.62
2021,29.81
2022,29.81
2023,29.81
2024,29.91
2025,29.91
2026,30.11
2027,30.01
2028,30.01
2029,29.91
2030,30.11
2031,29.91
2032,30.3
2033,30.4
2034,30.3
2035,30.3
2036,30.11
2037,30.3
2038,30.3
2039,30.21
2040,30.3
2041,30.4
2042,30.11
2043,30.11
2044,30.3
2045,30.4
2046,30.11
2047,29.81
2048,29.72
2049,29.91
2050,30.01
2051,30.11
2052,29.72
2053,29.91
2054,30.21
2055,30.11
2056,30.11
2057,30.21
2058,30.01
2059,29.81
2060,30.01
2061,30.01
2062,30.11
2063,29.91
2064,30.11
2065,30.11
2066,29.91
2067,29.72
2068,29.91
2069,29.91
2070,29.91
2071,29.81
2072,29.72
2073,29.62
2074,29.62
2075,29.72
2076,29.72
2077,29.72
2078,29.62
2079,29.72
2080,29.91
2081,29.81
2082,29.81
2083,29.81
2084,30.01
2085,30.01
2086,29.81
2087,29.91
2088,30.01
2089,29.91
2090,29.91
2091,29.72
2092,29.62
2093,30.01
2094,30.21
2095,30.21
2096,29.91
2097,29.72
2098,29.91
2099,30.21
2100,30.4
2101,30.11
2102,30.11
2103,30.21
2104,29.72
2105,53.86
2106,98.92
2107,100
2108,100
2109,100
2110,100
2111,100
2112,100
2113,100
2114,100
2115,100
2116,100
2117,100
2118,100
2119,100
2120,100
2121,100
2122,100
2123,100
2124,100
2125,100
2126,100
2127,100
2128,100
2129,100
2130,100
2131,100
2132,100
2133,100
2134,100
2135,100
2136,100
2137,100
2138,100
2139,100
2140,100
2141,100
2142,100
2143,100
2144,100
2145,100
2146,100
2147,100
2148,100
2149,100
2150,100
2151,100
2152,100
2153,100
2154,100
2155,100
2156,100
2157,100
2158,100
2159,100
2160,100
2161,100
2162,100
2163,100
2164,100
2165,100
2166,100
2167,100
2168,100
2169,100
2170,100
2171,100
2172,100
2173,100
2174,100
2175,100
2176,100
2177,100
2178,100
2179,100
2180,100
2181,100
2182,100
2183,100
2184,100
2185,100
2186,100
2187,100
2188,100
2189,100
2190,100
2191,100
2192,100
2193,100
2194,100
2195,100
2196,100
2197,100
2198,100
2199,100
2200,100
2201,100
2202,100
2203,100
2204,100
2205,47.41
2206,99.02
2207,99.41
2208,100
2209,100
2210,100
2211,100
2212,100
2213,100
2214,100
2215,100
2216,100
2217,100
2218,100
2219,100
2220,100
2221,100
2222,100
2223,100
2224,100
2225,100
2226,100
2227,100
2228,100
2229,100
2230,100
2231,100
2232,100
2233,100
2234,100
2235,100
2236,100
2237,100
2238,100
2239,100
2240,100
2241,100
2242,100
2243,100
2244,100
2245,100
2246,100
2247,100
2248,100
2249,100
2250,100
2251,100
2252,100
2253,100
2254,100
2255,100
2256,100
2257,100
2258,100
2259,100
2260,100
2261,100
2262,100
2263,100
2264,100
2265,100
2266,100
2267,100
2268,100
2269,100
2270,100
2271,100
2272,100
2273,100
2274,100
2275,100
2276,100
2277,100
2278,100
2279,100
2280,100
2281,100
2282,92.77
2283,92.86
2284,92.77
2285,92.67
2286,92.77
2287,92.67
2288,92.67
2289,92.47
2290,92.47
2291,92.57
2292,92.57
2293,92.38
2294,92.38
2295,92.77
2296,92.28
2297,92.38
2298,92.28
2299,92.18
2300,92.18
2301,92.18
2302,91.89
2303,91.79
2304,91.89
2305,44.97
2306,87.1
2307,87.19
2308,87.29
2309,84.95
2310,82.4
2311,79.86
2312,78.69
2313,77.22
2314,74.39
2315,69.89
2316,68.23
2317,67.64
2318,66.67
2319,60.9
2320,58.65
2321,56.5
2322,55.82
2323,55.52
2324,54.64
2325,54.35
2326,53.76
2327,53.27
2328,52.98
2329,52.88
2330,52.79
2331,52
2332,52
2333,51.71
2334,51.32
2335,51.22
2336,51.52
2337,50.54
2338,50.24
2339,49.46
2340,48.39
2341,47.31
2342,46.43
2343,38.22
2344,35.58
2345,34.6
2346,33.72
2347,33.04
2348,32.55
2349,32.26
2350,31.67
2351,31.48
2352,30.99
2353,30.69
2354,30.5
2355,30.5
2356,30.3
2357,30.01
2358,29.91
2359,29.81
2360,29.33
2361,28.74
2362,28.84
2363,28.74
2364,28.74
2365,28.64
2366,29.13
2367,28.74
2368,29.03
2369,28.93
2370,29.13
2371,29.13
2372,29.13
2373,29.33
2374,28.93
2375,29.03
2376,28.84
2377,28.84
2378,28.74
2379,28.64
2380,28.54
2381,28.54
2382,28.35
2383,28.35
2384,28.15
2385,28.05
2386,27.96
2387,28.15
2388,28.35
2389,28.54
2390,28.54
2391,28.54
2392,28.25
2393,28.45
2394,28.54
2395,28.35
2396,28.64
2397,28.74
2398,28.84
2399,28.64
2400,28.35
2401,28.45
2402,28.25
2403,28.15
2404,27.76
2405,10.17
2406,22.58
2407,24.24
2408,26.2
2409,27.37
2410,27.76
2411,27.96
2412,28.35
2413,28.45
2414,28.45
2415,28.45
2416,28.45
2417,28.35
2418,28.35
2419,28.45
2420,28.45
2421,28.15
2422,28.64
2423,28.45
2424,28.54
2425,28.35
2426,28.35
2427,28.05
2428,28.35
2429,28.25
2430,28.54
2431,28.45
2432,28.35
2433,28.15
2434,28.35
2435,28.05
2436,28.05
2437,28.25
2438,28.25
2439,28.05
2440,28.25
2441,28.15
2442,28.25
2443,28.15
2444,28.25
2445,28.35
2446,28.05
2447,28.25
2448,27.96
2449,28.15
2450,28.25
2451,28.35
2452,28.25
2453,28.35
2454,28.25
2455,27.96
2456,28.15
2457,28.05
2458,28.15
2459,28.15
2460,28.25
2461,28.15
2462,28.05
2463,28.15
2464,28.15
2465,28.15
2466,28.25
2467,28.15
2468,28.45
2469,28.35
2470,28.45
2471,28.54
2472,28.54
2473,28.54
2474,28.54
2475,28.64
2476,28.64
2477,28.54
2478,28.25
2479,28.45
2480,28.54
2481,28.64
2482,28.35
2483,28.45
2484,28.45
2485,28.45
2486,28.45
2487,28.45
2488,28.35
2489,28.35
2490,28.35
2491,28.54
2492,28.64
2493,28.64
2494,28.74
2495,28.45
2496,28.35
2497,28.54
2498,28.54
2499,28.84
2500,28.74
2501,29.03
2502,28.84
2503,29.03
2504,29.03
2505,9.58
2506,22.39
2507,23.95
2508,26.2
2509,27.17
2510,27.86
2511,27.86
2512,28.54
2513,28.45
2514,28.74
2515,29.03
2516,28.93
2517,29.23
2518,29.33
2519,28.93
2520,29.13
2521,29.13
2522,29.33
2523,29.33
2524,29.23
2525,29.33
2526,29.13
2527,29.23
2528,29.33
2529,29.13
2530,29.33
2531,29.23
2532,29.52
2533,29.42
2534,29.23
2535,29.33
2536,29.13
2537,29.23
2538,29.23
2539,29.13
2540,29.42
2541,28.93
2542,29.33
2543,29.42
2544,29.23
2545,29.33
2546,29.52
2547,29.23
2548,29.42
2549,29.23
2550,29.42
2551,29.62
2552,29.52
2553,29.62
2554,29.52
2555,29.13
2556,29.42
2557,29.13
2558,29.13
2559,29.13
2560,29.13
2561,28.93
2562,28.93
2563,28.93
2564,28.64
2565,28.64
2566,28.84
2567,28.84
2568,28.74
2569,28.74
2570,28.64
2571,29.13
2572,28.93
2573,29.23
2574,28.93
2575,29.13
2576,29.13
2577,29.33
2578,29.42
2579,29.23
2580,28.93
2581,29.23
2582,29.03
2583,28.74
2584,28.93
2585,28.84
2586,28.74
2587,28.84
2588,28.74
2589,28.93
2590,29.03
2591,29.13
2592,29.13
2593,28.84
2594,28.93
2595,29.33
2596,29.13
2597,28.93
2598,29.03
2599,28.93
2600,28.74
2601,28.74
2602,28.74
2603,28.84
2604,28.93
2605,10.17
2606,22.68
2607,24.44
2608,26.49
2609,27.37
2610,28.05
2611,28.35
2612,28.64
2613,28.74
2614,28.74
2615,29.03
2616,28.93
2617,28.64
2618,28.93
2619,28.93
2620,28.74
2621,29.23
2622,28.93
2623,29.13
2624,29.23
2625,29.13
2626,28.74
2627,29.13
2628,28.84
2629,29.13
2630,29.42
2631,29.13
2632,29.13
2633,29.13
2634,29.33
2635,29.23
2636,29.13
2637,29.03
2638,28.84
2639,28.84
2640,28.93
2641,28.93
2642,28.74
2643,28.54
2644,28.45
2645,28.35
2646,28.35
2647,28.64
2648,28.64
2649,28.64
2650,28.64
2651,28.84
2652,28.84
2653,28.93
2654,28.93
2655,28.93
2656,28.93
2657,29.13
2658,29.03
2659,29.52
2660,30.21
2661,30.4
2662,30.99
2663,31.77
2664,32.55
2665,33.82
2666,34.7
2667,35.19
2668,37.15
2669,45.75
2670,55.33
2671,66.96
2672,70.77
2673,77.81
2674,82.8
2675,84.75
2676,85.73
2677,87.49
2678,88.66
2679,90.42
2680,91.4
2681,93.16
2682,95.89
2683,96.38
2684,99.51
2685,99.71
2686,99.8
2687,99.8
2688,100
2689,99.61
2690,100
2691,99.51
2692,100
2693,99.9
2694,100
2695,100
2696,100
2697,100
2698,100
2699,100
2700,100
2701,100
2702,100
2703,100
2704,100
2705,45.65
2706,99.32
2707,99.32
2708,99.71
2709,100
2710,100
2711,100
2712,100
2713,100
2714,100
2715,100
2716,100
2717,100
2718,100
2719,100
2720,100
2721,100
2722,100
2723,100
2724,100
2725,100
2726,100
2727,100
2728,100
2729,100
2730,100
2731,100
2732,100
2733,100
2734,100
2735,100
2736,100
2737,100
2738,100
2739,100
2740,100
2741,100
2742,100
2743,100
2744,100
2745,100
2746,100
2747,100
2748,100
2749,100
2750,100
2751,100
2752,100
2753,100
2754,100
2755,100
2756,100
2757,100
2758,100
2759,100
2760,100
2761,100
2762,100
2763,100
2764,100
2765,100
2766,100
2767,100
2768,100
2769,100
2770,100
2771,100
2772,100
2773,100
2774,100
2775,100
2776,100
2777,100
2778,100
2779,100
2780,100
2781,100
2782,100
2783,100
2784,100
2785,100
2786,100
2787,100
2788,100
2789,100
2790,100
2791,100
2792,100
2793,100
2794,100
2795,100
2796,100
2797,100
2798,100
2799,100
2800,100
2801,100
2802,100
2803,100
2804,100
2805,54.84
2806,98.92
2807,99.9
2808,100
2809,100
2810,100
2811,100
2812,99.71
2813,100
2814,100
2815,100
2816,100
2817,100
2818,100
2819,100
2820,100
2821,100
2822,100
2823,100
2824,100
2825,100
2826,100
2827,100
2828,100
2829,100
2830,100
2831,100
2832,100
2833,100
2834,100
2835,100
2836,100
2837,100
2838,100
2839,100
2840,100
2841,100
2842,100
2843,100
2844,100
2845,100
2846,100
2847,100
2848,100
2849,100
2850,100
2851,100
2852,100
2853,100
2854,100
2855,100
2856,100
2857,100
2858,100
2859,100
2860,100
2861,100
2862,100
2863,100
2864,100
2865,100
2866,100
2867,100
2868,100
2869,100
2870,100
2871,100
2872,100
2873,100
2874,100
2875,100
2876,100
2877,100
2878,100
2879,100
2880,100
2881,100
2882,100
2883,100
2884,100
2885,100
2886,100
2887,100
2888,100
2889,100
2890,100
2891,100
2892,100
2893,100
2894,100
2895,100
2896,100
2897,100
2898,100
2899,100
2900,100
2901,100
2902,100
2903,100
2904,100
2905,51.42
2906,98.83
2907,99.9
2908,99.71
2909,100
2910,100
2911,100
2912,100
2913,100
2914,100
2915,100
2916,100
2917,100
2918,100
2919,100
2920,100
2921,100
2922,100
2923,100
2924,100
2925,100
2926,100
2927,100
2928,100
2929,100
2930,100
2931,100
2932,100
2933,100
2934,100
2935,100
2936,100
2937,100
2938,100
2939,100
2940,100
2941,100
2942,100
2943,100
2944,100
2945,100
2946,100
2947,100
2948,100
2949,100
2950,100
2951,100
2952,100
2953,100
2954,100
2955,100
2956,100
2957,100
2958,100
2959,100
2960,100
2961,100
2962,100
2963,100
2964,100
2965,100
2966,100
2967,100
2968,100
2969,100
2970,100
2971,100
2972,100
2973,100
2974,100
2975,100
2976,100
2977,100
2978,100
2979,100
2980,100
2981,100
2982,100
2983,100
2984,100
2985,100
2986,100
2987,100
2988,100
2989,100
2990,100
2991,100
2992,100
2993,100
2994,100
2995,100
2996,100
2997,100
2998,100
2999,100
3000,100
3001,100
3002,100
3003,100
3004,100
3005,52.69
3006,98.92
3007,99.8
3008,100
3009,100
3010,100
3011,100
3012,100
3013,100
3014,100
3015,100
3016,100
3017,100
3018,100
3019,100
3020,100
3021,100
3022,100
3023,100
3024,100
3025,100
3026,100
3027,100
3028,100
3029,100
3030,100
3031,100
3032,100
3033,100
3034,100
3035,100
3036,100
3037,100
3038,100
3039,100
3040,100
3041,100
3042,100
3043,100
3044,100
3045,100
3046,100
3047,100
3048,100
3049,100
3050,100
3051,100
3052,100
3053,100
3054,100
3055,100
3056,100
3057,100
3058,100
3059,100
3060,100
3061,100
3062,100
3063,100
3064,100
3065,100
3066,100
3067,100
3068,100
3069,100
3070,100
3071,100
3072,100
3073,100
3074,100
3075,100
3076,100
3077,100
3078,100
3079,100
3080,100
3081,100
3082,100
3083,100
3084,100
3085,100
3086,100
3087,100
3088,100
3089,100
3090,100
3091,100
3092,100
3093,100
3094,100
3095,100
3096,100
3097,100
3098,100
3099,100
3100,100
3101,100
3102,100
3103,100
3104,100
3105,51.22
3106,98.92
3107,99.41
3108,100
3109,100
3110,100
3111,100
3112,100
3113,100
3114,100
3115,100
3116,100
3117,100
3118,100
3119,100
3120,100
3121,100
3122,100
3123,100
3124,100
3125,100
3126,100
3127,100
3128,100
3129,100
3130,100
3131,100
3132,100
3133,100
3134,100
3135,100
3136,100
3137,100
3138,100
3139,100
3140,100
3141,100
3142,100
3143,100
3144,100
3145,100
3146,100
3147,100
3148,100
3149,100
3150,100
3151,100
3152,100
3153,100
3154,100
3155,100
3156,100
3157,100
3158,100
3159,100
3160,100
3161,100
3162,100
3163,100
3164,100
3165,100
3166,100
3167,100
3168,100
3169,100
3170,100
3171,100
3172,100
3173,100
3174,100
3175,100
3176,100
3177,100
3178,100
3179,100
3180,100
3181,100
3182,100
3183,100
3184,100
3185,100
