Time,Voltage
5,3.03
6,4.98
7,5
8,5
9,5
10,5
11,5
12,5
13,5
14,5
15,5
16,5
17,5
18,5
19,5
20,5
21,5
22,5
23,5
24,5
25,5
26,5
27,5
28,5
29,5
30,5
31,5
32,5
33,5
34,5
35,5
36,5
37,5
38,5
39,5
40,5
41,5
42,5
43,5
44,5
45,5
46,5
47,5
48,5
49,5
50,5
51,5
52,5
53,5
54,5
55,5
56,5
57,5
58,5
59,5
60,5
61,5
62,5
63,5
64,5
65,5
66,5
67,5
68,5
69,5
70,5
71,5
72,5
73,5
74,5
75,5
76,5
77,5
78,5
79,5
80,5
81,5
82,5
83,5
84,5
85,5
86,5
87,5
88,5
89,5
90,5
91,5
92,5
93,5
94,5
95,5
96,5
97,5
98,5
99,5
100,5
101,5
102,5
103,5
104,5
105,2.32
106,4.97
107,4.99
108,4.99
109,5
110,5
111,5
112,5
113,5
114,5
115,5
116,5
117,5
118,5
119,5
120,5
121,5
122,5
123,5
124,5
125,5
126,5
127,5
128,5
129,5
130,5
131,5
132,5
133,5
134,5
135,5
136,5
137,5
138,5
139,5
140,5
141,5
142,5
143,5
144,5
145,5
146,5
147,5
148,5
149,5
150,5
151,5
152,5
153,5
154,5
155,5
156,5
157,5
158,5
159,5
160,5
161,5
162,5
163,5
164,5
165,5
166,5
167,5
168,5
169,5
170,5
171,5
172,5
173,5
174,5
175,5
176,5
177,5
178,5
179,5
180,5
181,5
182,5
183,5
184,5
185,5
186,5
187,5
188,5
189,5
190,5
191,5
192,5
193,5
194,5
195,5
196,5
197,5
198,5
199,5
200,5
201,5
202,5
203,5
204,5
205,2.74
206,4.97
207,4.99
208,5
209,5
210,5
211,5
212,5
213,5
214,5
215,5
216,5
217,5
218,5
219,5
220,5
221,5
222,5
223,5
224,5
225,5
226,5
227,5
228,5
229,5
230,5
231,5
232,5
233,5
234,5
235,5
236,5
237,5
238,5
239,5
240,5
241,5
242,5
243,5
244,5
245,5
246,5
247,5
248,5
249,5
250,5
251,5
252,5
253,5
254,5
255,5
256,5
257,5
258,5
259,5
260,5
261,5
262,5
263,5
264,5
265,5
266,5
267,5
268,5
269,5
270,5
271,5
272,5
273,5
274,5
275,5
276,5
277,5
278,5
279,5
280,5
281,5
282,5
283,5
284,5
285,5
286,5
287,5
288,5
289,5
290,5
291,5
292,5
293,5
294,5
295,5
296,5
297,5
298,5
299,5
300,5
301,5
302,5
303,5
304,5
305,2.72
306,4.96
307,4.99
308,5
309,5
310,5
311,5
312,5
313,5
314,5
315,5
316,5
317,5
318,5
319,5
320,5
321,5
322,5
323,5
324,5
325,5
326,5
327,5
328,5
329,5
330,5
331,5
332,4.98
333,5
334,4.99
335,5
336,5
337,4.99
338,5
339,5
340,5
341,5
342,5
343,5
344,5
345,4.99
346,5
347,4.99
348,5
349,5
350,5
351,5
352,5
353,5
354,4.97
355,4.77
356,4.67
357,4.61
358,4.61
359,4.6
360,4.59
361,4.58
362,4.6
363,4.61
364,4.6
365,4.59
366,4.59
367,4.58
368,4.57
369,4.57
370,4.57
371,4.57
372,4.56
373,4.55
374,4.54
375,4.53
376,4.51
377,4.5
378,4.49
379,4.49
380,4.49
381,4.49
382,4.48
383,4.46
384,4.45
385,4.44
386,4.45
387,4.44
388,4.44
389,4.44
390,4.43
391,4.44
392,4.43
393,4.41
394,4.37
395,4.35
396,4.34
397,4.33
398,3.3
399,3.04
400,3
401,2.87
402,2.81
403,2.77
404,2.71
405,0.48
406,1.74
407,1.82
408,1.88
409,1.89
410,1.88
411,1.89
412,1.89
413,1.87
414,1.88
415,1.9
416,1.9
417,1.92
418,1.89
419,1.88
420,1.88
421,1.88
422,1.84
423,1.83
424,1.83
425,1.82
426,1.81
427,1.81
428,1.79
429,1.81
430,1.82
431,1.82
432,1.82
433,1.82
434,1.82
435,1.81
436,1.81
437,1.8
438,1.8
439,1.79
440,1.78
441,1.79
442,1.79
443,1.77
444,1.76
445,1.76
446,1.75
447,1.77
448,1.77
449,1.75
450,1.75
451,1.75
452,1.76
453,1.75
454,1.76
455,1.76
456,1.75
457,1.76
458,1.77
459,1.75
460,1.76
461,1.75
462,1.76
463,1.74
464,1.75
465,1.75
466,1.74
467,1.75
468,1.74
469,1.75
470,1.74
471,1.74
472,1.74
473,1.73
474,1.72
475,1.72
476,1.73
477,1.73
478,1.72
479,1.71
480,1.73
481,1.73
482,1.72
483,1.72
484,1.74
485,1.73
486,1.72
487,1.72
488,1.72
489,1.71
490,1.73
491,1.74
492,1.72
493,1.74
494,1.74
495,1.74
496,1.72
497,1.72
498,1.73
499,1.72
500,1.72
501,1.73
502,1.72
503,1.73
504,1.72
505,0.48
506,1.51
507,1.58
508,1.66
509,1.7
510,1.72
511,1.72
512,1.74
513,1.72
514,1.74
515,1.73
516,1.74
517,1.74
518,1.74
519,1.74
520,1.74
521,1.73
522,1.73
523,1.73
524,1.73
525,1.73
526,1.72
527,1.72
528,1.73
529,1.73
530,1.73
531,1.73
532,1.73
533,1.73
534,1.73
535,1.72
536,1.71
537,1.72
538,1.72
539,1.72
540,1.72
541,1.73
542,1.71
543,1.73
544,1.71
545,1.73
546,1.72
547,1.72
548,1.72
549,1.72
550,1.73
551,1.73
552,1.72
553,1.73
554,1.74
555,1.73
556,1.73
557,1.73
558,1.73
559,1.72
560,1.73
561,1.73
562,1.73
563,1.72
564,1.72
565,1.71
566,1.73
567,1.73
568,1.73
569,1.72
570,1.71
571,1.73
572,1.73
573,1.73
574,1.74
575,1.72
576,1.72
577,1.72
578,1.71
579,1.73
580,1.74
581,1.73
582,1.74
583,1.72
584,1.74
585,1.74
586,1.73
587,1.74
588,1.73
589,1.71
590,1.72
591,1.72
592,1.72
593,1.71
594,1.73
595,1.73
596,1.71
597,1.73
598,1.73
599,1.72
600,1.73
601,1.71
602,1.71
603,1.71
604,1.71
605,0.44
606,1.5
607,1.57
608,1.64
609,1.66
610,1.69
611,1.71
612,1.7
613,1.71
614,1.73
615,1.73
616,1.72
617,1.73
618,1.72
619,1.72
620,1.73
621,1.72
622,1.72
623,1.73
624,1.73
625,1.73
626,1.72
627,1.72
628,1.72
629,1.73
630,1.72
631,1.72
632,1.72
633,1.73
634,1.71
635,1.72
636,1.73
637,1.72
638,1.72
639,1.72
640,1.73
641,1.73
642,1.72
643,1.72
644,1.72
645,1.72
646,1.72
647,1.73
648,1.72
649,1.73
650,1.71
651,1.72
652,1.73
653,1.73
654,1.73
655,1.73
656,1.73
657,1.74
658,1.73
659,1.73
660,1.72
661,1.73
662,1.73
663,1.71
664,1.71
665,1.72
666,1.71
667,1.71
668,1.71
669,1.72
670,1.7
671,1.72
672,1.72
673,1.74
674,1.74
675,1.72
676,1.73
677,1.74
678,1.74
679,1.73
680,1.73
681,1.7
682,1.68
683,1.68
684,1.68
685,1.69
686,1.72
687,1.72
688,1.71
689,1.73
690,1.72
691,1.72
692,1.71
693,1.7
694,1.72
695,1.74
696,1.76
697,1.78
698,1.79
699,1.87
700,2.55
701,4.77
702,4.85
703,4.92
704,4.99
705,2.42
706,4.97
707,5
708,5
709,5
710,5
711,5
712,5
713,5
714,5
715,5
716,5
717,5
718,5
719,5
720,5
721,5
722,5
723,5
724,5
725,5
726,5
727,5
728,5
729,5
730,5
731,5
732,5
733,5
734,5
735,5
736,5
737,5
738,5
739,5
740,5
741,5
742,5
743,5
744,5
745,5
746,5
747,5
748,5
749,5
750,5
751,5
752,5
753,5
754,5
755,5
756,5
757,5
758,5
759,5
760,5
761,5
762,5
763,5
764,5
765,5
766,5
767,5
768,5
769,5
770,5
771,5
772,5
773,5
774,5
775,5
776,5
777,5
778,5
779,5
780,5
781,5
782,5
783,5
784,5
785,5
786,5
787,5
788,5
789,5
790,5
791,5
792,5
793,5
794,5
795,5
796,5
797,5
798,5
799,5
800,5
801,5
802,5
803,5
804,5
805,2.58
806,4.95
807,4.97
808,5
809,5
810,5
811,5
812,5
813,5
814,5
815,5
816,5
817,5
818,5
819,5
820,5
821,5
822,5
823,5
824,5
825,5
826,5
827,5
828,5
829,5
830,5
831,5
832,5
833,5
834,5
835,5
836,5
837,5
838,5
839,5
840,5
841,5
842,5
843,5
844,5
845,5
846,5
847,5
848,5
849,5
850,5
851,4.96
852,5
853,5
854,4.98
855,5
856,5
857,5
858,4.98
859,5
860,5
861,5
862,4.98
863,5
864,4.97
865,5
866,5
867,5
868,4.9
869,5
870,5
871,4.98
872,5
873,5
874,5
875,4.98
876,5
877,5
878,5
879,5
880,5
881,4.94
882,4.08
883,4.11
884,4.28
885,4.41
886,4.43
887,4.59
888,4.65
889,4.65
890,4.66
891,4.67
892,4.68
893,4.68
894,4.71
895,4.69
896,4.69
897,4.7
898,4.71
899,4.71
900,4.67
901,4.66
902,4.66
903,4.65
904,4.65
905,0.5
906,1.68
907,1.76
908,1.85
909,1.87
910,1.9
911,1.92
912,1.9
913,1.91
914,1.91
915,1.88
916,1.86
917,1.86
918,1.84
919,1.79
920,1.77
921,1.75
922,1.73
923,1.73
924,1.71
925,1.7
926,1.7
927,1.69
928,1.68
929,1.68
930,1.67
931,1.65
932,1.65
933,1.65
934,1.65
935,1.63
936,1.63
937,1.64
938,1.62
939,1.62
940,1.6
941,1.58
942,1.58
943,1.59
944,1.59
945,1.58
946,1.56
947,1.57
948,1.54
949,1.56
950,1.56
951,1.54
952,1.54
953,1.54
954,1.55
955,1.54
956,1.53
957,1.53
958,1.55
959,1.55
960,1.55
961,1.53
962,1.55
963,1.56
964,1.56
965,1.56
966,1.55
967,1.55
968,1.54
969,1.56
970,1.57
971,1.57
972,1.58
973,1.58
974,1.58
975,1.56
976,1.57
977,1.58
978,1.58
979,1.56
980,1.55
981,1.57
982,1.55
983,1.54
984,1.55
985,1.53
986,1.54
987,1.55
988,1.54
989,1.55
990,1.55
991,1.58
992,1.55
993,1.56
994,1.56
995,1.56
996,1.55
997,1.55
998,1.56
999,1.56
1000,1.57
1001,1.58
1002,1.58
1003,1.58
1004,1.58
1005,0.51
1006,1.3
1007,1.38
1008,1.47
1009,1.5
1010,1.54
1011,1.55
1012,1.56
1013,1.56
1014,1.57
1015,1.57
1016,1.58
1017,1.58
1018,1.58
1019,1.58
1020,1.57
1021,1.58
1022,1.58
1023,1.58
1024,1.58
1025,1.57
1026,1.56
1027,1.57
1028,1.58
1029,1.58
1030,1.58
1031,1.56
1032,1.57
1033,1.58
1034,1.57
1035,1.57
1036,1.56
1037,1.58
1038,1.57
1039,1.57
1040,1.58
1041,1.58
1042,1.58
1043,1.58
1044,1.57
1045,1.58
1046,1.58
1047,1.58
1048,1.57
1049,1.58
1050,1.58
1051,1.57
1052,1.57
1053,1.57
1054,1.57
1055,1.57
1056,1.57
1057,1.57
1058,1.56
1059,1.57
1060,1.57
1061,1.58
1062,1.58
1063,1.58
1064,1.57
1065,1.55
1066,1.55
1067,1.57
1068,1.57
1069,1.57
1070,1.58
1071,1.57
1072,1.58
1073,1.58
1074,1.59
1075,1.58
1076,1.58
1077,1.58
1078,1.59
1079,1.58
1080,1.57
1081,1.55
1082,1.55
1083,1.55
1084,1.54
1085,1.56
1086,1.55
1087,1.55
1088,1.53
1089,1.54
1090,1.53
1091,1.54
1092,1.55
1093,1.55
1094,1.56
1095,1.55
1096,1.55
1097,1.56
1098,1.56
1099,1.57
1100,1.56
1101,1.55
1102,1.57
1103,1.58
1104,1.57
1105,0.54
1106,1.34
1107,1.42
1108,1.51
1109,1.53
1110,1.55
1111,1.57
1112,1.57
1113,1.57
1114,1.59
1115,1.59
1116,1.61
1117,1.61
1118,1.61
1119,1.61
1120,1.63
1121,1.63
1122,1.62
1123,1.64
1124,1.63
1125,1.62
1126,1.62
1127,1.63
1128,1.63
1129,1.63
1130,1.62
1131,1.62
1132,1.63
1133,1.61
1134,1.62
1135,1.62
1136,1.63
1137,1.62
1138,1.63
1139,1.62
1140,1.62
1141,1.61
1142,1.61
1143,1.61
1144,1.6
1145,1.61
1146,1.61
1147,1.62
1148,1.61
1149,1.61
1150,1.62
1151,1.6
1152,1.61
1153,1.62
1154,1.6
1155,1.61
1156,1.62
1157,1.61
1158,1.62
1159,1.61
1160,1.62
1161,1.62
1162,1.62
1163,1.61
1164,1.61
1165,1.62
1166,1.62
1167,1.63
1168,1.63
1169,1.63
1170,1.64
1171,1.62
1172,1.63
1173,1.62
1174,1.63
1175,1.64
1176,1.64
1177,1.63
1178,1.65
1179,1.65
1180,1.65
1181,1.64
1182,1.64
1183,1.64
1184,1.65
1185,1.64
1186,1.65
1187,1.63
1188,1.64
1189,1.64
1190,1.63
1191,1.62
1192,1.64
1193,1.63
1194,1.63
1195,1.64
1196,1.63
1197,1.63
1198,1.64
1199,1.63
1200,1.62
1201,1.62
1202,1.63
1203,1.63
1204,1.62
1205,0.51
1206,1.37
1207,1.46
1208,1.53
1209,1.58
1210,1.61
1211,1.62
1212,1.63
1213,1.64
1214,1.65
1215,1.66
1216,1.67
1217,1.66
1218,1.66
1219,1.66
1220,1.67
1221,1.65
1222,1.65
1223,1.66
1224,1.67
1225,1.67
1226,1.68
1227,1.68
1228,1.68
1229,1.69
1230,1.7
1231,1.72
1232,1.72
1233,1.73
1234,1.77
1235,1.79
1236,1.8
1237,1.84
1238,1.94
1239,2.04
1240,2.22
1241,2.39
1242,2.62
1243,3.6
1244,4.11
1245,4.33
1246,4.5
1247,4.56
1248,4.65
1249,4.72
1250,4.83
1251,4.84
1252,4.99
1253,4.99
1254,5
1255,5
1256,5
1257,5
1258,5
1259,5
1260,5
1261,5
1262,5
1263,5
1264,5
1265,5
1266,5
1267,5
1268,5
1269,5
1270,5
1271,5
1272,5
1273,5
1274,5
1275,5
1276,5
1277,5
1278,5
1279,5
1280,5
1281,5
1282,5
1283,5
1284,5
1285,5
1286,5
1287,5
1288,5
1289,5
1290,5
1291,5
1292,5
1293,5
1294,5
1295,5
1296,5
1297,5
1298,5
1299,5
1300,5
1301,5
1302,5
1303,5
1304,5
1305,2.72
1306,4.92
1307,4.99
1308,5
1309,5
1310,5
1311,5
1312,5
1313,5
1314,5
1315,5
1316,5
1317,5
1318,5
1319,5
1320,5
1321,5
1322,5
1323,5
1324,5
1325,5
1326,5
1327,5
1328,5
1329,5
1330,5
1331,5
1332,5
1333,5
1334,5
1335,5
1336,5
1337,5
1338,5
1339,5
1340,5
1341,5
1342,5
1343,5
1344,5
1345,5
1346,5
1347,5
1348,5
1349,5
1350,5
1351,5
1352,5
1353,5
1354,5
1355,5
1356,5
1357,5
1358,5
1359,5
1360,5
1361,5
1362,5
1363,5
1364,5
1365,5
1366,5
1367,5
1368,5
1369,5
1370,5
1371,5
1372,5
1373,5
1374,5
1375,5
1376,5
1377,5
1378,5
1379,5
1380,5
1381,5
1382,5
1383,5
1384,5
1385,5
1386,5
1387,5
1388,5
1389,5
1390,5
1391,5
1392,5
1393,5
1394,5
1395,5
1396,5
1397,5
1398,5
1399,5
1400,5
1401,5
1402,5
1403,5
1404,5
1405,2.64
1406,4.95
1407,5
1408,5
1409,5
1410,5
1411,5
1412,5
1413,5
1414,5
1415,5
1416,5
1417,5
1418,5
1419,5
1420,5
1421,5
1422,5
1423,5
1424,5
1425,5
1426,5
1427,5
1428,5
1429,5
1430,5
1431,5
1432,5
1433,5
1434,5
1435,5
1436,5
1437,5
1438,5
1439,5
1440,5
1441,5
1442,5
1443,5
1444,5
1445,5
1446,5
1447,5
1448,5
1449,5
1450,5
1451,5
1452,5
1453,5
1454,5
1455,5
1456,5
1457,5
1458,5
1459,5
1460,5
1461,5
1462,5
1463,5
1464,5
1465,5
1466,5
1467,5
1468,5
1469,5
1470,5
1471,5
1472,5
1473,5
1474,5
1475,5
1476,5
1477,5
1478,5
1479,5
1480,5
1481,5
1482,5
1483,5
1484,5
1485,5
1486,5
1487,5
1488,5
1489,5
1490,5
1491,5
1492,5
1493,5
1494,5
1495,5
1496,5
1497,5
1498,5
1499,5
1500,5
1501,5
1502,5
1503,5
1504,5
1505,2.55
1506,4.91
1507,4.96
1508,4.98
1509,4.97
1510,4.99
1511,4.97
1512,4.98
1513,4.99
1514,5
1515,4.99
1516,4.99
1517,5
1518,4.99
1519,4.99
1520,4.99
1521,5
1522,4.99
1523,5
1524,4.99
1525,5
1526,4.99
1527,5
1528,4.99
1529,5
1530,5
1531,5
1532,5
1533,5
1534,5
1535,5
1536,5
1537,4.99
1538,5
1539,4.76
1540,4.71
1541,4.66
1542,4.65
1543,4.63
1544,4.62
1545,4.62
1546,4.61
1547,4.61
1548,4.6
1549,4.61
1550,4.6
1551,4.6
1552,4.59
1553,4.59
1554,4.58
1555,4.58
1556,4.58
1557,4.58
1558,4.58
1559,4.58
1560,4.58
1561,4.58
1562,4.57
1563,4.57
1564,4.57
1565,4.57
1566,4.57
1567,4.57
1568,4.57
1569,4.57
1570,4.57
1571,4.57
1572,4.57
1573,4.57
1574,4.57
1575,4.57
1576,4.56
1577,4.57
1578,4.56
1579,4.57
1580,4.57
1581,4.57
1582,4.57
1583,4.56
1584,4.56
1585,4.56
1586,4.55
1587,4.55
1588,4.55
1589,4.51
1590,4.49
1591,4.48
1592,4.48
1593,4.47
1594,4.47
1595,4.47
1596,4.46
1597,4.46
1598,4.45
1599,4.45
1600,4.44
1601,4.45
1602,4.44
1603,4.43
1604,4.41
1605,2.09
1606,4.16
1607,4.16
1608,4.18
1609,4.16
1610,4.12
1611,4.1
1612,4.09
1613,4.1
1614,4.09
1615,4.08
1616,4.06
1617,4.05
1618,4.04
1619,4.03
1620,4.01
1621,4
1622,3.99
1623,3.98
1624,3.95
1625,3.93
1626,3.91
1627,3.9
1628,3.88
1629,3.88
1630,3.87
1631,3.86
1632,3.83
1633,3.82
1634,3.8
1635,3.8
1636,3.77
1637,3.78
1638,3.77
1639,3.76
1640,3.75
1641,3.74
1642,3.73
1643,3.72
1644,3.72
1645,3.72
1646,3.72
1647,3.71
1648,3.7
1649,3.69
1650,3.68
1651,3.67
1652,3.65
1653,3.65
1654,3.63
1655,3.61
1656,3.52
1657,3.52
1658,3.51
1659,3.49
1660,3.48
1661,3.48
1662,3.47
1663,3.47
1664,3.47
1665,3.47
1666,3.47
1667,3.46
1668,3.43
1669,3.43
1670,3.42
1671,3.39
1672,3.3
1673,3.26
1674,3.26
1675,3.24
1676,3.22
1677,3.22
1678,3.21
1679,3.21
1680,3.2
1681,3.19
1682,3.18
1683,3.17
1684,3.17
1685,3.16
1686,3.16
1687,3.15
1688,3.15
1689,3.14
1690,3.13
1691,3.13
1692,3.12
1693,3.13
1694,3.13
1695,3.12
1696,3.12
1697,3.12
1698,3.12
1699,3.12
1700,3.12
1701,3.12
1702,3.12
1703,3.12
1704,3.12
1705,1.47
1706,2.83
1707,2.87
1708,2.88
1709,2.88
1710,2.9
1711,2.9
1712,2.91
1713,2.9
1714,2.88
1715,2.86
1716,2.85
1717,2.83
1718,2.83
1719,2.83
1720,2.83
1721,2.83
1722,2.82
1723,2.78
1724,2.77
1725,2.78
1726,2.77
1727,2.76
1728,2.76
1729,2.75
1730,2.74
1731,2.74
1732,2.73
1733,2.71
1734,2.69
1735,2.68
1736,2.67
1737,2.67
1738,2.67
1739,2.66
1740,2.65
1741,2.65
1742,2.64
1743,2.63
1744,2.62
1745,2.62
1746,2.61
1747,2.61
1748,2.55
1749,2.53
1750,2.46
1751,2.44
1752,2.4
1753,2.36
1754,2.36
1755,2.32
1756,2.32
1757,2.29
1758,2.26
1759,2.26
1760,2.24
1761,2.23
1762,2.24
1763,2.24
1764,2.23
1765,2.24
1766,2.22
1767,2.22
1768,2.16
1769,2.14
1770,2.14
1771,2.13
1772,2.14
1773,2.13
1774,2.13
1775,2.14
1776,2.14
1777,2.14
1778,2.14
1779,2.14
1780,2.14
1781,2.14
1782,2.14
1783,2.13
1784,2.13
1785,2.13
1786,2.13
1787,2.13
1788,2.13
1789,2.13
1790,2.13
1791,2.13
1792,2.12
1793,2.12
1794,2.13
1795,2.14
1796,2.15
1797,2.16
1798,2.15
1799,2.16
1800,2.16
1801,2.16
1802,2.17
1803,2.16
1804,2.15
1805,0.87
1806,1.91
1807,1.97
1808,2.04
1809,2.07
1810,2.09
1811,2.1
1812,2.11
1813,2.11
1814,2.11
1815,2.11
1816,2.12
1817,2.13
1818,2.13
1819,2.13
1820,2.15
1821,2.08
1822,1.99
1823,2.01
1824,1.99
1825,1.99
1826,1.98
1827,1.96
1828,1.96
1829,1.97
1830,1.95
1831,1.96
1832,1.97
1833,1.99
1834,2.01
1835,2.03
1836,2.06
1837,2.09
1838,2.13
1839,2.11
1840,2.25
1841,2.34
1842,2.43
1843,2.51
1844,2.5
1845,2.53
1846,2.67
1847,3.12
1848,3.6
1849,3.79
1850,3.95
1851,4.03
1852,4.36
1853,4.41
1854,4.51
1855,4.52
1856,4.54
1857,4.56
1858,4.57
1859,4.61
1860,4.63
1861,4.67
1862,4.71
1863,4.82
1864,4.83
1865,4.83
1866,4.84
1867,4.83
1868,4.84
1869,4.85
1870,4.84
1871,4.85
1872,4.85
1873,4.87
1874,4.97
1875,4.98
1876,4.98
1877,4.99
1878,4.98
1879,5
1880,4.98
1881,4.99
1882,4.99
1883,4.99
1884,4.98
1885,4.99
1886,4.99
1887,4.98
1888,4.97
1889,4.75
1890,4.17
1891,3.76
1892,3.3
1893,3.17
1894,2.99
1895,2.83
1896,2.68
1897,2.61
1898,2.58
1899,2.56
1900,2.53
1901,2.49
1902,2.48
1903,2.46
1904,2.45
1905,0.54
1906,1.29
1907,1.34
1908,1.41
1909,1.45
1910,1.49
1911,1.47
1912,1.46
1913,1.47
1914,1.48
1915,1.48
1916,1.47
1917,1.46
1918,1.47
1919,1.48
1920,1.47
1921,1.48
1922,1.48
1923,1.48
1924,1.48
1925,1.48
1926,1.49
1927,1.47
1928,1.48
1929,1.47
1930,1.46
1931,1.47
1932,1.46
1933,1.46
1934,1.46
1935,1.47
1936,1.47
1937,1.46
1938,1.47
1939,1.48
1940,1.47
1941,1.46
1942,1.48
1943,1.47
1944,1.47
1945,1.47
1946,1.47
1947,1.48
1948,1.49
1949,1.49
1950,1.47
1951,1.49
1952,1.47
1953,1.46
1954,1.46
1955,1.46
1956,1.46
1957,1.47
1958,1.46
1959,1.46
1960,1.47
1961,1.48
1962,1.46
1963,1.48
1964,1.47
1965,1.48
1966,1.48
1967,1.47
1968,1.49
1969,1.47
1970,1.49
1971,1.49
1972,1.49
1973,1.49
1974,1.49
1975,1.49
1976,1.48
1977,1.47
1978,1.48
1979,1.47
1980,1.47
1981,1.48
1982,1.48
1983,1.48
1984,1.48
1985,1.46
1986,1.47
1987,1.48
1988,1.46
1989,1.48
1990,1.48
1991,1.47
1992,1.48
1993,1.47
1994,1.48
1995,1.47
1996,1.48
1997,1.49
1998,1.49
1999,1.47
2000,1.49
2001,1.48
2002,1.48
2003,1.48
2004,1.49
2005,0.51
2006,1.24
2007,1.29
2008,1.36
2009,1.42
2010,1.42
2011,1.46
2012,1.47
2013,1.46
2014,1.47
2015,1.48
2016,1.48
2017,1.47
2018,1.47
2019,1.49
2020,1.48
2021,1.49
2022,1.49
2023,1.49
2024,1.5
2025,1.5
2026,1.51
2027,1.5
2028,1.5
2029,1.5
2030,1.51
2031,1.5
2032,1.52
2033,1.52
2034,1.52
2035,1.52
2036,1.51
2037,1.52
2038,1.52
2039,1.51
2040,1.52
2041,1.52
2042,1.51
2043,1.51
2044,1.52
2045,1.52
2046,1.51
2047,1.49
2048,1.49
2049,1.5
2050,1.5
2051,1.51
2052,1.49
2053,1.5
2054,1.51
2055,1.51
2056,1.51
2057,1.51
2058,1.5
2059,1.49
2060,1.5
2061,1.5
2062,1.51
2063,1.5
2064,1.51
2065,1.51
2066,1.5
2067,1.49
2068,1.5
2069,1.5
2070,1.5
2071,1.49
2072,1.49
2073,1.48
2074,1.48
2075,1.49
2076,1.49
2077,1.49
2078,1.48
2079,1.49
2080,1.5
2081,1.49
2082,1.49
2083,1.49
2084,1.5
2085,1.5
2086,1.49
2087,1.5
2088,1.5
2089,1.5
2090,1.5
2091,1.49
2092,1.48
2093,1.5
2094,1.51
2095,1.51
2096,1.5
2097,1.49
2098,1.5
2099,1.51
2100,1.52
2101,1.51
2102,1.51
2103,1.51
2104,1.49
2105,2.69
2106,4.95
2107,5
2108,5
2109,5
2110,5
2111,5
2112,5
2113,5
2114,5
2115,5
2116,5
2117,5
2118,5
2119,5
2120,5
2121,5
2122,5
2123,5
2124,5
2125,5
2126,5
2127,5
2128,5
2129,5
2130,5
2131,5
2132,5
2133,5
2134,5
2135,5
2136,5
2137,5
2138,5
2139,5
2140,5
2141,5
2142,5
2143,5
2144,5
2145,5
2146,5
2147,5
2148,5
2149,5
2150,5
2151,5
2152,5
2153,5
2154,5
2155,5
2156,5
2157,5
2158,5
2159,5
2160,5
2161,5
2162,5
2163,5
2164,5
2165,5
2166,5
2167,5
2168,5
2169,5
2170,5
2171,5
2172,5
2173,5
2174,5
2175,5
2176,5
2177,5
2178,5
2179,5
2180,5
2181,5
2182,5
2183,5
2184,5
2185,5
2186,5
2187,5
2188,5
2189,5
2190,5
2191,5
2192,5
2193,5
2194,5
2195,5
2196,5
2197,5
2198,5
2199,5
2200,5
2201,5
2202,5
2203,5
2204,5
2205,2.37
2206,4.95
2207,4.97
2208,5
2209,5
2210,5
2211,5
2212,5
2213,5
2214,5
2215,5
2216,5
2217,5
2218,5
2219,5
2220,5
2221,5
2222,5
2223,5
2224,5
2225,5
2226,5
2227,5
2228,5
2229,5
2230,5
2231,5
2232,5
2233,5
2234,5
2235,5
2236,5
2237,5
2238,5
2239,5
2240,5
2241,5
2242,5
2243,5
2244,5
2245,5
2246,5
2247,5
2248,5
2249,5
2250,5
2251,5
2252,5
2253,5
2254,5
2255,5
2256,5
2257,5
2258,5
2259,5
2260,5
2261,5
2262,5
2263,5
2264,5
2265,5
2266,5
2267,5
2268,5
2269,5
2270,5
2271,5
2272,5
2273,5
2274,5
2275,5
2276,5
2277,5
2278,5
2279,5
2280,5
2281,5
2282,4.64
2283,4.64
2284,4.64
2285,4.63
2286,4.64
2287,4.63
2288,4.63
2289,4.62
2290,4.62
2291,4.63
2292,4.63
2293,4.62
2294,4.62
2295,4.64
2296,4.61
2297,4.62
2298,4.61
2299,4.61
2300,4.61
2301,4.61
2302,4.59
2303,4.59
2304,4.59
2305,2.25
2306,4.35
2307,4.36
2308,4.36
2309,4.25
2310,4.12
2311,3.99
2312,3.93
2313,3.86
2314,3.72
2315,3.49
2316,3.41
2317,3.38
2318,3.33
2319,3.04
2320,2.93
2321,2.83
2322,2.79
2323,2.78
2324,2.73
2325,2.72
2326,2.69
2327,2.66
2328,2.65
2329,2.64
2330,2.64
2331,2.6
2332,2.6
2333,2.59
2334,2.57
2335,2.56
2336,2.58
2337,2.53
2338,2.51
2339,2.47
2340,2.42
2341,2.37
2342,2.32
2343,1.91
2344,1.78
2345,1.73
2346,1.69
2347,1.65
2348,1.63
2349,1.61
2350,1.58
2351,1.57
2352,1.55
2353,1.53
2354,1.52
2355,1.52
2356,1.52
2357,1.5
2358,1.5
2359,1.49
2360,1.47
2361,1.44
2362,1.44
2363,1.44
2364,1.44
2365,1.43
2366,1.46
2367,1.44
2368,1.45
2369,1.45
2370,1.46
2371,1.46
2372,1.46
2373,1.47
2374,1.45
2375,1.45
2376,1.44
2377,1.44
2378,1.44
2379,1.43
2380,1.43
2381,1.43
2382,1.42
2383,1.42
2384,1.41
2385,1.4
2386,1.4
2387,1.41
2388,1.42
2389,1.43
2390,1.43
2391,1.43
2392,1.41
2393,1.42
2394,1.43
2395,1.42
2396,1.43
2397,1.44
2398,1.44
2399,1.43
2400,1.42
2401,1.42
2402,1.41
2403,1.41
2404,1.39
2405,0.51
2406,1.13
2407,1.21
2408,1.31
2409,1.37
2410,1.39
2411,1.4
2412,1.42
2413,1.42
2414,1.42
2415,1.42
2416,1.42
2417,1.42
2418,1.42
2419,1.42
2420,1.42
2421,1.41
2422,1.43
2423,1.42
2424,1.43
2425,1.42
2426,1.42
2427,1.4
2428,1.42
2429,1.41
2430,1.43
2431,1.42
2432,1.42
2433,1.41
2434,1.42
2435,1.4
2436,1.4
2437,1.41
2438,1.41
2439,1.4
2440,1.41
2441,1.41
2442,1.41
2443,1.41
2444,1.41
2445,1.42
2446,1.4
2447,1.41
2448,1.4
2449,1.41
2450,1.41
2451,1.42
2452,1.41
2453,1.42
2454,1.41
2455,1.4
2456,1.41
2457,1.4
2458,1.41
2459,1.41
2460,1.41
2461,1.41
2462,1.4
2463,1.41
2464,1.41
2465,1.41
2466,1.41
2467,1.41
2468,1.42
2469,1.42
2470,1.42
2471,1.43
2472,1.43
2473,1.43
2474,1.43
2475,1.43
2476,1.43
2477,1.43
2478,1.41
2479,1.42
2480,1.43
2481,1.43
2482,1.42
2483,1.42
2484,1.42
2485,1.42
2486,1.42
2487,1.42
2488,1.42
2489,1.42
2490,1.42
2491,1.43
2492,1.43
2493,1.43
2494,1.44
2495,1.42
2496,1.42
2497,1.43
2498,1.43
2499,1.44
2500,1.44
2501,1.45
2502,1.44
2503,1.45
2504,1.45
2505,0.48
2506,1.12
2507,1.2
2508,1.31
2509,1.36
2510,1.39
2511,1.39
2512,1.43
2513,1.42
2514,1.44
2515,1.45
2516,1.45
2517,1.46
2518,1.47
2519,1.45
2520,1.46
2521,1.46
2522,1.47
2523,1.47
2524,1.46
2525,1.47
2526,1.46
2527,1.46
2528,1.47
2529,1.46
2530,1.47
2531,1.46
2532,1.48
2533,1.47
2534,1.46
2535,1.47
2536,1.46
2537,1.46
2538,1.46
2539,1.46
2540,1.47
2541,1.45
2542,1.47
2543,1.47
2544,1.46
2545,1.47
2546,1.48
2547,1.46
2548,1.47
2549,1.46
2550,1.47
2551,1.48
2552,1.48
2553,1.48
2554,1.48
2555,1.46
2556,1.47
2557,1.46
2558,1.46
2559,1.46
2560,1.46
2561,1.45
2562,1.45
2563,1.45
2564,1.43
2565,1.43
2566,1.44
2567,1.44
2568,1.44
2569,1.44
2570,1.43
2571,1.46
2572,1.45
2573,1.46
2574,1.45
2575,1.46
2576,1.46
2577,1.47
2578,1.47
2579,1.46
2580,1.45
2581,1.46
2582,1.45
2583,1.44
2584,1.45
2585,1.44
2586,1.44
2587,1.44
2588,1.44
2589,1.45
2590,1.45
2591,1.46
2592,1.46
2593,1.44
2594,1.45
2595,1.47
2596,1.46
2597,1.45
2598,1.45
2599,1.45
2600,1.44
2601,1.44
2602,1.44
2603,1.44
2604,1.45
2605,0.51
2606,1.13
2607,1.22
2608,1.32
2609,1.37
2610,1.4
2611,1.42
2612,1.43
2613,1.44
2614,1.44
2615,1.45
2616,1.45
2617,1.43
2618,1.45
2619,1.45
2620,1.44
2621,1.46
2622,1.45
2623,1.46
2624,1.46
2625,1.46
2626,1.44
2627,1.46
2628,1.44
2629,1.46
2630,1.47
2631,1.46
2632,1.46
2633,1.46
2634,1.47
2635,1.46
2636,1.46
2637,1.45
2638,1.44
2639,1.44
2640,1.45
2641,1.45
2642,1.44
2643,1.43
2644,1.42
2645,1.42
2646,1.42
2647,1.43
2648,1.43
2649,1.43
2650,1.43
2651,1.44
2652,1.44
2653,1.45
2654,1.45
2655,1.45
2656,1.45
2657,1.46
2658,1.45
2659,1.48
2660,1.51
2661,1.52
2662,1.55
2663,1.59
2664,1.63
2665,1.69
2666,1.74
2667,1.76
2668,1.86
2669,2.29
2670,2.77
2671,3.35
2672,3.54
2673,3.89
2674,4.14
2675,4.24
2676,4.29
2677,4.37
2678,4.43
2679,4.52
2680,4.57
2681,4.66
2682,4.79
2683,4.82
2684,4.98
2685,4.99
2686,4.99
2687,4.99
2688,5
2689,4.98
2690,5
2691,4.98
2692,5
2693,5
2694,5
2695,5
2696,5
2697,5
2698,5
2699,5
2700,5
2701,5
2702,5
2703,5
2704,5
2705,2.28
2706,4.97
2707,4.97
2708,4.99
2709,5
2710,5
2711,5
2712,5
2713,5
2714,5
2715,5
2716,5
2717,5
2718,5
2719,5
2720,5
2721,5
2722,5
2723,5
2724,5
2725,5
2726,5
2727,5
2728,5
2729,5
2730,5
2731,5
2732,5
2733,5
2734,5
2735,5
2736,5
2737,5
2738,5
2739,5
2740,5
2741,5
2742,5
2743,5
2744,5
2745,5
2746,5
2747,5
2748,5
2749,5
2750,5
2751,5
2752,5
2753,5
2754,5
2755,5
2756,5
2757,5
2758,5
2759,5
2760,5
2761,5
2762,5
2763,5
2764,5
2765,5
2766,5
2767,5
2768,5
2769,5
2770,5
2771,5
2772,5
2773,5
2774,5
2775,5
2776,5
2777,5
2778,5
2779,5
2780,5
2781,5
2782,5
2783,5
2784,5
2785,5
2786,5
2787,5
2788,5
2789,5
2790,5
2791,5
2792,5
2793,5
2794,5
2795,5
2796,5
2797,5
2798,5
2799,5
2800,5
2801,5
2802,5
2803,5
2804,5
2805,2.74
2806,4.95
2807,5
2808,5
2809,5
2810,5
2811,5
2812,4.99
2813,5
2814,5
2815,5
2816,5
2817,5
2818,5
2819,5
2820,5
2821,5
2822,5
2823,5
2824,5
2825,5
2826,5
2827,5
2828,5
2829,5
2830,5
2831,5
2832,5
2833,5
2834,5
2835,5
2836,5
2837,5
2838,5
2839,5
2840,5
2841,5
2842,5
2843,5
2844,5
2845,5
2846,5
2847,5
2848,5
2849,5
2850,5
2851,5
2852,5
2853,5
2854,5
2855,5
2856,5
2857,5
2858,5
2859,5
2860,5
2861,5
2862,5
2863,5
2864,5
2865,5
2866,5
2867,5
2868,5
2869,5
2870,5
2871,5
2872,5
2873,5
2874,5
2875,5
2876,5
2877,5
2878,5
2879,5
2880,5
2881,5
2882,5
2883,5
2884,5
2885,5
2886,5
2887,5
2888,5
2889,5
2890,5
2891,5
2892,5
2893,5
2894,5
2895,5
2896,5
2897,5
2898,5
2899,5
2900,5
2901,5
2902,5
2903,5
2904,5
2905,2.57
2906,4.94
2907,5
2908,4.99
2909,5
2910,5
2911,5
2912,5
2913,5
2914,5
2915,5
2916,5
2917,5
2918,5
2919,5
2920,5
2921,5
2922,5
2923,5
2924,5
2925,5
2926,5
2927,5
2928,5
2929,5
2930,5
2931,5
2932,5
2933,5
2934,5
2935,5
2936,5
2937,5
2938,5
2939,5
2940,5
2941,5
2942,5
2943,5
2944,5
2945,5
2946,5
2947,5
2948,5
2949,5
2950,5
2951,5
2952,5
2953,5
2954,5
2955,5
2956,5
2957,5
2958,5
2959,5
2960,5
2961,5
2962,5
2963,5
2964,5
2965,5
2966,5
2967,5
2968,5
2969,5
2970,5
2971,5
2972,5
2973,5
2974,5
2975,5
2976,5
2977,5
2978,5
2979,5
2980,5
2981,5
2982,5
2983,5
2984,5
2985,5
2986,5
2987,5
2988,5
2989,5
2990,5
2991,5
2992,5
2993,5
2994,5
2995,5
2996,5
2997,5
2998,5
2999,5
3000,5
3001,5
3002,5
3003,5
3004,5
3005,2.63
3006,4.95
3007,4.99
3008,5
3009,5
3010,5
3011,5
3012,5
3013,5
3014,5
3015,5
3016,5
3017,5
3018,5
3019,5
3020,5
3021,5
3022,5
3023,5
3024,5
3025,5
3026,5
3027,5
3028,5
3029,5
3030,5
3031,5
3032,5
3033,5
3034,5
3035,5
3036,5
3037,5
3038,5
3039,5
3040,5
3041,5
3042,5
3043,5
3044,5
3045,5
3046,5
3047,5
3048,5
3049,5
3050,5
3051,5
3052,5
3053,5
3054,5
3055,5
3056,5
3057,5
3058,5
3059,5
3060,5
3061,5
3062,5
3063,5
3064,5
3065,5
3066,5
3067,5
3068,5
3069,5
3070,5
3071,5
3072,5
3073,5
3074,5
3075,5
3076,5
3077,5
3078,5
3079,5
3080,5
3081,5
3082,5
3083,5
3084,5
3085,5
3086,5
3087,5
3088,5
3089,5
3090,5
3091,5
3092,5
3093,5
3094,5
3095,5
3096,5
3097,5
3098,5
3099,5
3100,5
3101,5
3102,5
3103,5
3104,5
3105,2.56
3106,4.95
3107,4.97
3108,5
3109,5
3110,5
3111,5
3112,5
3113,5
3114,5
3115,5
3116,5
3117,5
3118,5
3119,5
3120,5
3121,5
3122,5
3123,5
3124,5
3125,5
3126,5
3127,5
3128,5
3129,5
3130,5
3131,5
3132,5
3133,5
3134,5
3135,5
3136,5
3137,5
3138,5
3139,5
3140,5
3141,5
3142,5
3143,5
3144,5
3145,5
3146,5
3147,5
3148,5
3149,5
3150,5
3151,5
3152,5
3153,5
3154,5
3155,5
3156,5
3157,5
3158,5
3159,5
3160,5
3161,5
3162,5
3163,5
3164,5
3165,5
3166,5
3167,5
3168,5
3169,5
3170,5
3171,5
3172,5
3173,5
3174,5
3175,5
3176,5
3177,5
3178,5
3179,5
3180,5
3181,5
3182,5
3183,5
3184,5
3185,5
